{"mean":{"confidence_interval":{"confidence_level":0.95,"lower_bound":25437091.778583337,"upper_bound":25787491.013333336},"point_estimate":25610270.96166666,"standard_error":89552.11519575039},"median":{"confidence_interval":{"confidence_level":0.95,"lower_bound":25239619.416666668,"upper_bound":25900192.083333332},"point_estimate":25585174.25,"standard_error":183619.37688457366},"median_abs_dev":{"confidence_interval":{"confidence_level":0.95,"lower_bound":526680.0501495637,"upper_bound":1050697.0418713996},"point_estimate":903959.6129015107,"standard_error":133560.49163274703},"slope":null,"std_dev":{"confidence_interval":{"confidence_level":0.95,"lower_bound":554605.2740155784,"upper_bound":713561.6883825152},"point_estimate":643389.3276942789,"standard_error":40632.72426141775}}