{"mean":{"confidence_interval":{"confidence_level":0.95,"lower_bound":19873762.71296154,"upper_bound":20718733.202115387},"point_estimate":20269633.267692313,"standard_error":215405.7066604787},"median":{"confidence_interval":{"confidence_level":0.95,"lower_bound":19555581.615384616,"upper_bound":20251493.307692308},"point_estimate":19795577.07692308,"standard_error":165842.8999882597},"median_abs_dev":{"confidence_interval":{"confidence_level":0.95,"lower_bound":611675.5868636667,"upper_bound":1311250.6485975685},"point_estimate":931858.162294671,"standard_error":167785.01430338406},"slope":null,"std_dev":{"confidence_interval":{"confidence_level":0.95,"lower_bound":1032097.1693732268,"upper_bound":1946850.8214289634},"point_estimate":1535693.0548929214,"standard_error":233506.54252855977}}