{"mean":{"confidence_interval":{"confidence_level":0.95,"lower_bound":0.0024245092590055306,"upper_bound":0.01885211248750124},"point_estimate":0.010823145914050647,"standard_error":0.004218137583411633},"median":{"confidence_interval":{"confidence_level":0.95,"lower_bound":-0.0060213610814864316,"upper_bound":0.03003998435516797},"point_estimate":0.01153662646401532,"standard_error":0.009260089036045353}}