{"mean":{"confidence_interval":{"confidence_level":0.95,"lower_bound":-0.024369735489251112,"upper_bound":-0.0070173122053314154},"point_estimate":-0.015986775409417397,"standard_error":0.004402355241042073},"median":{"confidence_interval":{"confidence_level":0.95,"lower_bound":-0.03066645990741419,"upper_bound":-0.010595628214898012},"point_estimate":-0.02246291031735692,"standard_error":0.0052491944011071184}}