{"mean":{"confidence_interval":{"confidence_level":0.95,"lower_bound":0.011075905631187,"upper_bound":0.04576842780291374},"point_estimate":0.02874637931448798,"standard_error":0.008832555987352747},"median":{"confidence_interval":{"confidence_level":0.95,"lower_bound":0.017761508844446494,"upper_bound":0.04381338968208359},"point_estimate":0.031200604703221835,"standard_error":0.007702153646429652}}