{"mean":{"confidence_interval":{"confidence_level":0.95,"lower_bound":0.04568544795571891,"upper_bound":0.06225871270746523},"point_estimate":0.05413965837144641,"standard_error":0.004246710293575165},"median":{"confidence_interval":{"confidence_level":0.95,"lower_bound":0.051742757101509884,"upper_bound":0.06357345768872391},"point_estimate":0.05808045641973947,"standard_error":0.002849000548645883}}