{"mean":{"confidence_interval":{"confidence_level":0.95,"lower_bound":285282202.94949996,"upper_bound":289333654.7},"point_estimate":287255857.18,"standard_error":1034426.2795313023},"median":{"confidence_interval":{"confidence_level":0.95,"lower_bound":282825818.0,"upper_bound":288987922.0},"point_estimate":286340287.5,"standard_error":1772612.2727261947},"median_abs_dev":{"confidence_interval":{"confidence_level":0.95,"lower_bound":5132387.493681908,"upper_bound":10426347.991195321},"point_estimate":7197945.777010918,"standard_error":1351457.8834699276},"slope":null,"std_dev":{"confidence_interval":{"confidence_level":0.95,"lower_bound":5819241.775283264,"upper_bound":8665537.230637876},"point_estimate":7391569.87289158,"standard_error":727763.8908113615}}