{"mean":{"confidence_interval":{"confidence_level":0.95,"lower_bound":5517513.062858938,"upper_bound":5606723.950371905},"point_estimate":5554953.320135647,"standard_error":23223.156001978583},"median":{"confidence_interval":{"confidence_level":0.95,"lower_bound":5504456.488636363,"upper_bound":5541968.5625},"point_estimate":5526986.753998317,"standard_error":9710.468087152787},"median_abs_dev":{"confidence_interval":{"confidence_level":0.95,"lower_bound":26557.27420124122,"upper_bound":97460.83576378568},"point_estimate":45967.725179754714,"standard_error":19240.59473275267},"slope":{"confidence_interval":{"confidence_level":0.95,"lower_bound":5514841.7117215125,"upper_bound":5671366.4645266645},"point_estimate":5574374.019553146,"standard_error":42013.43460805388},"std_dev":{"confidence_interval":{"confidence_level":0.95,"lower_bound":46915.027776921335,"upper_bound":200375.1831052368},"point_estimate":129242.39325730632,"standard_error":47036.16125015172}}