{"mean":{"confidence_interval":{"confidence_level":0.95,"lower_bound":-0.02848566487663385,"upper_bound":0.0006892764732449392},"point_estimate":-0.013587068817375036,"standard_error":0.007415780492661337},"median":{"confidence_interval":{"confidence_level":0.95,"lower_bound":-0.0279291984352662,"upper_bound":0.01111560120060795},"point_estimate":-0.007022659944516674,"standard_error":0.010552044030963227}}