{"mean":{"confidence_interval":{"confidence_level":0.95,"lower_bound":-0.02197526939390928,"upper_bound":0.0012803550220522417},"point_estimate":-0.010507247061505076,"standard_error":0.0059753984048715346},"median":{"confidence_interval":{"confidence_level":0.95,"lower_bound":-0.012116349616590916,"upper_bound":0.006903400283566397},"point_estimate":-0.0029795767316849187,"standard_error":0.004455774128129909}}