{"mean":{"confidence_interval":{"confidence_level":0.95,"lower_bound":0.000024279209897141198,"upper_bound":0.048973185613608194},"point_estimate":0.02282154967672101,"standard_error":0.012581055051232902},"median":{"confidence_interval":{"confidence_level":0.95,"lower_bound":-0.019904393639753937,"upper_bound":0.02843158140096591},"point_estimate":-0.0006272042419426249,"standard_error":0.01206200749620697}}