{"mean":{"confidence_interval":{"confidence_level":0.95,"lower_bound":-0.014599783115752796,"upper_bound":0.010927433168179361},"point_estimate":-0.0024230631638112454,"standard_error":0.006452123226080274},"median":{"confidence_interval":{"confidence_level":0.95,"lower_bound":-0.01992595335075531,"upper_bound":0.014108514717692477},"point_estimate":-0.00014038118644277287,"standard_error":0.008800997696024375}}