{"mean":{"confidence_interval":{"confidence_level":0.95,"lower_bound":-0.01673251721022201,"upper_bound":0.002683715132205942},"point_estimate":-0.006496335914981999,"standard_error":0.004972296911509896},"median":{"confidence_interval":{"confidence_level":0.95,"lower_bound":-0.004184869773389832,"upper_bound":0.009038650056885977},"point_estimate":0.004312635058575598,"standard_error":0.003463121538361341}}