{
  "results": [
    {
      "command": "nexus_cold",
      "mean": 0.14032773267,
      "stddev": 0.024249129582566104,
      "median": 0.13870740854000002,
      "user": 0.027906219999999992,
      "system": 0.0499273472,
      "min": 0.09814414954,
      "max": 0.19917130854,
      "times": [
        0.19917130854,
        0.11961556054000001,
        0.16863109454000003,
        0.13923935054,
        0.14343884454,
        0.15641070754000003,
        0.16695789254,
        0.13966613054000002,
        0.14870467454000003,
        0.11884959654,
        0.14924587654000002,
        0.13782996754000001,
        0.11985187054000002,
        0.14872333654,
        0.13866543054000002,
        0.11912473154000001,
        0.19042702054000002,
        0.11792828354000001,
        0.11919343954000002,
        0.16898049854000002,
        0.11887810754000001,
        0.11914453754000001,
        0.11836162754000001,
        0.17991611554,
        0.19860227454,
        0.12036637454000002,
        0.13730451954,
        0.10926988654000001,
        0.13982067554000002,
        0.14985763554,
        0.16921721754000002,
        0.16727462054,
        0.12976829554000002,
        0.09814414954,
        0.10937946254000001,
        0.13874938654000002,
        0.12161237154000001,
        0.11774440354000001,
        0.16844249954,
        0.13935818554,
        0.12827747154000002,
        0.17058689754,
        0.14781178754000002,
        0.14123096054,
        0.16686913754000002,
        0.13067218054000002,
        0.15771707354,
        0.14827304154,
        0.11911013054000001,
        0.18910441954,
        0.14878865054,
        0.13837768454000002,
        0.16960913254,
        0.12978851354,
        0.11812528654000001,
        0.11926345654,
        0.17968005454000002,
        0.13939116654,
        0.15850006954,
        0.13033079254000002,
        0.11760565154000001,
        0.10935790154000001,
        0.10866478554000002,
        0.14925241354000002,
        0.12938291754,
        0.14933814054000003,
        0.12956363654,
        0.10800779154000001,
        0.12941551254,
        0.16853253754000003,
        0.10917776954000001,
        0.11892731454000001,
        0.16894755354000002,
        0.12872520054,
        0.10963476154000001,
        0.12140336554000002,
        0.15666025254000002,
        0.11900487654000001,
        0.10844486354,
        0.12905006054,
        0.14922814254000002,
        0.14869605854,
        0.10953605354000001,
        0.15910373054000002,
        0.18948984154,
        0.16887881954,
        0.11922496054000001,
        0.11890183454000001,
        0.11892073154,
        0.14876297954,
        0.15937560954000002,
        0.19121165454000003,
        0.15652853054000002,
        0.09870084954000001,
        0.14953420454000002,
        0.10843131954000002,
        0.15877164754,
        0.16012148754000002,
        0.11866499854000001,
        0.13821663554000002
      ],
      "exit_codes": [
        0,
        0,
        0,
        0,
        0,
        0,
        0,
        0,
        0,
        0,
        0,
        0,
        0,
        0,
        0,
        0,
        0,
        0,
        0,
        0,
        0,
        0,
        0,
        0,
        0,
        0,
        0,
        0,
        0,
        0,
        0,
        0,
        0,
        0,
        0,
        0,
        0,
        0,
        0,
        0,
        0,
        0,
        0,
        0,
        0,
        0,
        0,
        0,
        0,
        0,
        0,
        0,
        0,
        0,
        0,
        0,
        0,
        0,
        0,
        0,
        0,
        0,
        0,
        0,
        0,
        0,
        0,
        0,
        0,
        0,
        0,
        0,
        0,
        0,
        0,
        0,
        0,
        0,
        0,
        0,
        0,
        0,
        0,
        0,
        0,
        0,
        0,
        0,
        0,
        0,
        0,
        0,
        0,
        0,
        0,
        0,
        0,
        0,
        0,
        0
      ]
    },
    {
      "command": "nexus_warm",
      "mean": 0.07042066235000001,
      "stddev": 0.003231089146610742,
      "median": 0.06997762904000002,
      "user": 0.0026692434000000005,
      "system": 0.0011400084000000004,
      "min": 0.06655268254,
      "max": 0.08837183254000001,
      "times": [
        0.07303828054000001,
        0.07011548254000001,
        0.06975275954000001,
        0.07177739454000001,
        0.07006031654000001,
        0.06722943654,
        0.07181284954,
        0.07132960854,
        0.07170572754000001,
        0.07119991954,
        0.07004448754,
        0.06851931054,
        0.06808499354000001,
        0.06777318654,
        0.07051344854000001,
        0.06820928554000001,
        0.07076563554000001,
        0.06883958254000001,
        0.06870469854000001,
        0.06902865354000001,
        0.06945924254000001,
        0.07528412254000001,
        0.07164520454000001,
        0.06970331554,
        0.07079583054000001,
        0.07079555354000001,
        0.06744754154,
        0.06784668054000001,
        0.07219670154,
        0.07291489754000001,
        0.06932090854,
        0.06806667454000001,
        0.06917705854,
        0.06741402254000001,
        0.07198317554000001,
        0.07057932054,
        0.07055615554000001,
        0.07125017054,
        0.06991077054000001,
        0.06808760554000001,
        0.07111218754000001,
        0.07277147854,
        0.07057115554000001,
        0.07282928654000001,
        0.07167683354000001,
        0.07094771554000001,
        0.06906534354,
        0.07145779154000001,
        0.06840849654,
        0.06719152854,
        0.07265941954,
        0.06665958454000001,
        0.06752952754000001,
        0.07147576654000001,
        0.06926090254,
        0.06718850854000001,
        0.06795247354,
        0.06700645554000001,
        0.07063722854000001,
        0.06801614354,
        0.06924110954000001,
        0.06818037554,
        0.07064754254000001,
        0.06865862054,
        0.06655268254,
        0.06689195354000001,
        0.06796189454000001,
        0.06847665954000001,
        0.06830893054,
        0.06752054554,
        0.07286757354000001,
        0.06882580554,
        0.07089826754,
        0.06984606354,
        0.06896924054,
        0.06814725354000001,
        0.07051844354,
        0.07224671254000001,
        0.07280854154000001,
        0.06926381454000001,
        0.06960912754000001,
        0.06745311654000001,
        0.07126716754000001,
        0.07045803054000001,
        0.06911530754,
        0.08837183254000001,
        0.08450457454,
        0.08108818254000001,
        0.07318036454000001,
        0.07277440154,
        0.07136671354,
        0.06822259254,
        0.07352996354,
        0.07299296954000001,
        0.07179750754000001,
        0.07218689654,
        0.06962888954,
        0.06861861954000001,
        0.06696758854000001,
        0.07474251954000001
      ],